pokedex_number,name,generation,status,type_1,type_2,ability_1,ability_2,ability_hidden,total_points,hp,attack,defense,sp_attack,sp_defense,speed,egg_type_1,egg_type_2,percentage_male
1,Bulbasaur,1,Normal,Grass,Poison,Overgrow,,Chlorophyll,318,45,49,49,65,65,45,Grass,Monster,87.5
2,Ivysaur,1,Normal,Grass,Poison,Overgrow,,Chlorophyll,405,60,62,63,80,80,60,Grass,Monster,87.5
3,Venusaur,1,Normal,Grass,Poison,Overgrow,,Chlorophyll,525,80,82,83,100,100,80,Grass,Monster,87.5
3,Mega Venusaur,1,Normal,Grass,Poison,Thick Fat,,,625,80,100,123,122,120,80,Grass,Monster,87.5
4,Charmander,1,Normal,Fire,,Blaze,,Solar Power,309,39,52,43,60,50,65,Dragon,Monster,87.5
5,Charmeleon,1,Normal,Fire,,Blaze,,Solar Power,405,58,64,58,80,65,80,Dragon,Monster,87.5
6,Charizard,1,Normal,Fire,Flying,Blaze,,Solar Power,534,78,84,78,109,85,100,Dragon,Monster,87.5
6,Mega Charizard X,1,Normal,Fire,Dragon,Tough Claws,,,634,78,130,111,130,85,100,Dragon,Monster,87.5
6,Mega Charizard Y,1,Normal,Fire,Flying,Drought,,,634,78,104,78,159,115,100,Dragon,Monster,87.5
7,Squirtle,1,Normal,Water,,Torrent,,Rain Dish,314,44,48,65,50,64,43,Monster,Water 1,87.5
8,Wartortle,1,Normal,Water,,Torrent,,Rain Dish,405,59,63,80,65,80,58,Monster,Water 1,87.5
9,Blastoise,1,Normal,Water,,Torrent,,Rain Dish,530,79,83,100,85,105,78,Monster,Water 1,87.5
9,Mega Blastoise,1,Normal,Water,,Mega Launcher,,,630,79,103,120,135,115,78,Monster,Water 1,87.5
10,Caterpie,1,Normal,Bug,,Shield Dust,,Run Away,195,45,30,35,20,20,45,Bug,,50.0
11,Metapod,1,Normal,Bug,,Shed Skin,,,205,50,20,55,25,25,30,Bug,,50.0
12,Butterfree,1,Normal,Bug,Flying,Compound Eyes,,Tinted Lens,395,60,45,50,90,80,70,Bug,,50.0
13,Weedle,1,Normal,Bug,Poison,Shield Dust,,Run Away,195,40,35,30,20,20,50,Bug,,50.0
14,Kakuna,1,Normal,Bug,Poison,Shed Skin,,,205,45,25,50,25,25,35,Bug,,50.0
15,Beedrill,1,Normal,Bug,Poison,Swarm,,Sniper,395,65,90,40,45,80,75,Bug,,50.0
15,Mega Beedrill,1,Normal,Bug,Poison,Adaptability,,,495,65,150,40,15,80,145,Bug,,50.0
16,Pidgey,1,Normal,Normal,Flying,Keen Eye,Tangled Feet,Big Pecks,251,40,45,40,35,35,56,Flying,,50.0
17,Pidgeotto,1,Normal,Normal,Flying,Keen Eye,Tangled Feet,Big Pecks,349,63,60,55,50,50,71,Flying,,50.0
18,Pidgeot,1,Normal,Normal,Flying,Keen Eye,Tangled Feet,Big Pecks,479,83,80,75,70,70,101,Flying,,50.0
18,Mega Pidgeot,1,Normal,Normal,Flying,No Guard,,,579,83,80,80,135,80,121,Flying,,50.0
19,Rattata,1,Normal,Normal,,Run Away,Guts,Hustle,253,30,56,35,25,35,72,Field,,50.0
19,Alolan Rattata,1,Normal,Dark,Normal,Gluttony,Hustle,Thick Fat,253,30,56,35,25,35,72,Field,,50.0
20,Raticate,1,Normal,Normal,,Run Away,Guts,Hustle,413,55,81,60,50,70,97,Field,,50.0
20,Alolan Raticate,1,Normal,Dark,Normal,Gluttony,Hustle,Thick Fat,413,75,71,70,40,80,77,Field,,50.0
21,Spearow,1,Normal,Normal,Flying,Keen Eye,,Sniper,262,40,60,30,31,31,70,Flying,,50.0
22,Fearow,1,Normal,Normal,Flying,Keen Eye,,Sniper,442,65,90,65,61,61,100,Flying,,50.0
23,Ekans,1,Normal,Poison,,Intimidate,Shed Skin,Unnerve,288,35,60,44,40,54,55,Dragon,Field,50.0
24,Arbok,1,Normal,Poison,,Intimidate,Shed Skin,Unnerve,448,60,95,69,65,79,80,Dragon,Field,50.0
25,Pikachu,1,Normal,Electric,,Static,,Lightning Rod,320,35,55,40,50,50,90,Fairy,Field,50.0
25,Partner Pikachu,1,Normal,Electric,,,,Lightning Rod,430,45,80,50,75,60,120,,,50.0
26,Raichu,1,Normal,Electric,,Static,,Lightning Rod,485,60,90,55,90,80,110,Fairy,Field,50.0
26,Alolan Raichu,1,Normal,Electric,Psychic,Surge Surfer,,,485,60,85,50,95,85,110,Fairy,Field,50.0
27,Sandshrew,1,Normal,Ground,,Sand Veil,,Sand Rush,300,50,75,85,20,30,40,Field,,50.0
27,Alolan Sandshrew,1,Normal,Ice,Steel,Snow Cloak,,Slush Rush,300,50,75,90,10,35,40,Field,,50.0
28,Sandslash,1,Normal,Ground,,Sand Veil,,Sand Rush,450,75,100,110,45,55,65,Field,,50.0
28,Alolan Sandslash,1,Normal,Ice,Steel,Snow Cloak,,Slush Rush,450,75,100,120,25,65,65,Field,,50.0
29,Nidoran,1,Normal,Poison,,Poison Point,Rivalry,Hustle,275,55,47,52,40,40,41,Field,Monster,0.0
30,Nidorina,1,Normal,Poison,,Poison Point,Rivalry,Hustle,365,70,62,67,55,55,56,Undiscovered,,0.0
31,Nidoqueen,1,Normal,Poison,Ground,Poison Point,Rivalry,Sheer Force,505,90,92,87,75,85,76,Undiscovered,,0.0
32,Nidoran,1,Normal,Poison,,Poison Point,Rivalry,Hustle,273,46,57,40,40,40,50,Field,Monster,100.0
33,Nidorino,1,Normal,Poison,,Poison Point,Rivalry,Hustle,365,61,72,57,55,55,65,Field,Monster,100.0
34,Nidoking,1,Normal,Poison,Ground,Poison Point,Rivalry,Sheer Force,505,81,102,77,85,75,85,Field,Monster,100.0
35,Clefairy,1,Normal,Fairy,,Cute Charm,Magic Guard,Friend Guard,323,70,45,48,60,65,35,Fairy,,25.0
36,Clefable,1,Normal,Fairy,,Cute Charm,Magic Guard,Unaware,483,95,70,73,95,90,60,Fairy,,25.0
37,Vulpix,1,Normal,Fire,,Flash Fire,,Drought,299,38,41,40,50,65,65,Field,,25.0
37,Alolan Vulpix,1,Normal,Ice,,Snow Cloak,,Snow Warning,299,38,41,40,50,65,65,Field,,25.0
38,Ninetales,1,Normal,Fire,,Flash Fire,,Drought,505,73,76,75,81,100,100,Field,,25.0
38,Alolan Ninetales,1,Normal,Ice,Fairy,Snow Cloak,,Snow Warning,505,73,67,75,81,100,109,Field,,25.0
39,Jigglypuff,1,Normal,Normal,Fairy,Cute Charm,Competitive,Friend Guard,270,115,45,20,45,25,20,Fairy,,25.0
40,Wigglytuff,1,Normal,Normal,Fairy,Cute Charm,Competitive,Frisk,435,140,70,45,85,50,45,Fairy,,25.0
41,Zubat,1,Normal,Poison,Flying,Inner Focus,,Infiltrator,245,40,45,35,30,40,55,Flying,,50.0
42,Golbat,1,Normal,Poison,Flying,Inner Focus,,Infiltrator,455,75,80,70,65,75,90,Flying,,50.0
43,Oddish,1,Normal,Grass,Poison,Chlorophyll,,Run Away,320,45,50,55,75,65,30,Grass,,50.0
44,Gloom,1,Normal,Grass,Poison,Chlorophyll,,Stench,395,60,65,70,85,75,40,Grass,,50.0
45,Vileplume,1,Normal,Grass,Poison,Chlorophyll,,Effect Spore,490,75,80,85,110,90,50,Grass,,50.0
46,Paras,1,Normal,Bug,Grass,Effect Spore,Dry Skin,Damp,285,35,70,55,45,55,25,Bug,Grass,50.0
47,Parasect,1,Normal,Bug,Grass,Effect Spore,Dry Skin,Damp,405,60,95,80,60,80,30,Bug,Grass,50.0
48,Venonat,1,Normal,Bug,Poison,Compound Eyes,Tinted Lens,Run Away,305,60,55,50,40,55,45,Bug,,50.0
49,Venomoth,1,Normal,Bug,Poison,Shield Dust,Tinted Lens,Wonder Skin,450,70,65,60,90,75,90,Bug,,50.0
50,Diglett,1,Normal,Ground,,Sand Veil,Arena Trap,Sand Force,265,10,55,25,35,45,95,Field,,50.0
50,Alolan Diglett,1,Normal,Ground,Steel,Sand Veil,Tangling Hair,Sand Force,265,10,55,30,35,45,90,Field,,50.0
51,Dugtrio,1,Normal,Ground,,Sand Veil,Arena Trap,Sand Force,425,35,100,50,50,70,120,Field,,50.0
51,Alolan Dugtrio,1,Normal,Ground,Steel,Sand Veil,Tangling Hair,Sand Force,425,35,100,60,50,70,110,Field,,50.0
52,Meowth,1,Normal,Normal,,Pickup,Technician,Unnerve,290,40,45,35,40,40,90,Field,,50.0
52,Alolan Meowth,1,Normal,Dark,,Pickup,Technician,Rattled,290,40,35,35,50,40,90,Field,,50.0
52,Galarian Meowth,1,Normal,Steel,,Pickup,Tough Claws,Unnerve,290,50,65,55,40,40,40,Field,,
53,Persian,1,Normal,Normal,,Limber,Technician,Unnerve,440,65,70,60,65,65,115,Field,,50.0
53,Alolan Persian,1,Normal,Dark,,Fur Coat,Technician,Rattled,440,65,60,60,75,65,115,Field,,50.0
54,Psyduck,1,Normal,Water,,Damp,Cloud Nine,Swift Swim,320,50,52,48,65,50,55,Field,Water 1,50.0
55,Golduck,1,Normal,Water,,Damp,Cloud Nine,Swift Swim,500,80,82,78,95,80,85,Field,Water 1,50.0
56,Mankey,1,Normal,Fighting,,Vital Spirit,Anger Point,Defiant,305,40,80,35,35,45,70,Field,,50.0
57,Primeape,1,Normal,Fighting,,Vital Spirit,Anger Point,Defiant,455,65,105,60,60,70,95,Field,,50.0
58,Growlithe,1,Normal,Fire,,Intimidate,Flash Fire,Justified,350,55,70,45,70,50,60,Field,,75.0
59,Arcanine,1,Normal,Fire,,Intimidate,Flash Fire,Justified,555,90,110,80,100,80,95,Field,,75.0
60,Poliwag,1,Normal,Water,,Water Absorb,Damp,Swift Swim,300,40,50,40,40,40,90,Water 1,,50.0
61,Poliwhirl,1,Normal,Water,,Water Absorb,Damp,Swift Swim,385,65,65,65,50,50,90,Water 1,,50.0
62,Poliwrath,1,Normal,Water,Fighting,Water Absorb,Damp,Swift Swim,510,90,95,95,70,90,70,Water 1,,50.0
63,Abra,1,Normal,Psychic,,Synchronize,Inner Focus,Magic Guard,310,25,20,15,105,55,90,Human-Like,,75.0
64,Kadabra,1,Normal,Psychic,,Synchronize,Inner Focus,Magic Guard,400,40,35,30,120,70,105,Human-Like,,75.0
65,Alakazam,1,Normal,Psychic,,Synchronize,Inner Focus,Magic Guard,500,55,50,45,135,95,120,Human-Like,,75.0
65,Mega Alakazam,1,Normal,Psychic,,Trace,,,600,55,50,65,175,105,150,Human-Like,,75.0
66,Machop,1,Normal,Fighting,,Guts,No Guard,Steadfast,305,70,80,50,35,35,35,Human-Like,,75.0
67,Machoke,1,Normal,Fighting,,Guts,No Guard,Steadfast,405,80,100,70,50,60,45,Human-Like,,75.0
68,Machamp,1,Normal,Fighting,,Guts,No Guard,Steadfast,505,90,130,80,65,85,55,Human-Like,,75.0
69,Bellsprout,1,Normal,Grass,Poison,Chlorophyll,,Gluttony,300,50,75,35,70,30,40,Grass,,50.0
70,Weepinbell,1,Normal,Grass,Poison,Chlorophyll,,Gluttony,390,65,90,50,85,45,55,Grass,,50.0
71,Victreebel,1,Normal,Grass,Poison,Chlorophyll,,Gluttony,490,80,105,65,100,70,70,Grass,,50.0
72,Tentacool,1,Normal,Water,Poison,Clear Body,Liquid Ooze,Rain Dish,335,40,40,35,50,100,70,Water 3,,50.0
73,Tentacruel,1,Normal,Water,Poison,Clear Body,Liquid Ooze,Rain Dish,515,80,70,65,80,120,100,Water 3,,50.0
74,Geodude,1,Normal,Rock,Ground,Rock Head,Sturdy,Sand Veil,300,40,80,100,30,30,20,Mineral,,50.0
74,Alolan Geodude,1,Normal,Rock,Electric,Magnet Pull,Sturdy,Galvanize,300,40,80,100,30,30,20,Mineral,,50.0
75,Graveler,1,Normal,Rock,Ground,Rock Head,Sturdy,Sand Veil,390,55,95,115,45,45,35,Mineral,,50.0
75,Alolan Graveler,1,Normal,Rock,Electric,Magnet Pull,Sturdy,Galvanize,390,55,95,115,45,45,35,Mineral,,50.0
76,Golem,1,Normal,Rock,Ground,Rock Head,Sturdy,Sand Veil,495,80,120,130,55,65,45,Mineral,,50.0
76,Alolan Golem,1,Normal,Rock,Electric,Magnet Pull,Sturdy,Galvanize,495,80,120,130,55,65,45,Mineral,,50.0
77,Ponyta,1,Normal,Fire,,Run Away,Flash Fire,Flame Body,410,50,85,55,65,65,90,Field,,50.0
77,Galarian Ponyta,1,Normal,Psychic,,Run Away,Pastel Veil,Anticipation,410,50,85,55,65,65,90,Field,,
78,Rapidash,1,Normal,Fire,,Run Away,Flash Fire,Flame Body,500,65,100,70,80,80,105,Field,,50.0
78,Galarian Rapidash,1,Normal,Psychic,Fairy,Run Away,Pastel Veil,Anticipation,500,65,100,70,80,80,105,Field,,
79,Slowpoke,1,Normal,Water,Psychic,Oblivious,Own Tempo,Regenerator,315,90,65,65,40,40,15,Monster,Water 1,50.0
80,Slowbro,1,Normal,Water,Psychic,Oblivious,Own Tempo,Regenerator,490,95,75,110,100,80,30,Monster,Water 1,50.0
80,Mega Slowbro,1,Normal,Water,Psychic,Shell Armor,,,590,95,75,180,130,80,30,Monster,Water 1,50.0
81,Magnemite,1,Normal,Electric,Steel,Magnet Pull,Sturdy,Analytic,325,25,35,70,95,55,45,Mineral,,
82,Magneton,1,Normal,Electric,Steel,Magnet Pull,Sturdy,Analytic,465,50,60,95,120,70,70,Mineral,,
83,Farfetch'd,1,Normal,Normal,Flying,Keen Eye,Inner Focus,Defiant,377,52,90,55,58,62,60,Field,Flying,50.0
83,Galarian Farfetch'd,1,Normal,Fighting,,Steadfast,,Scrappy,377,52,95,55,58,62,55,Field,Flying,
84,Doduo,1,Normal,Normal,Flying,Run Away,Early Bird,Tangled Feet,310,35,85,45,35,35,75,Flying,,50.0
85,Dodrio,1,Normal,Normal,Flying,Run Away,Early Bird,Tangled Feet,470,60,110,70,60,60,110,Flying,,50.0
86,Seel,1,Normal,Water,,Thick Fat,Hydration,Ice Body,325,65,45,55,45,70,45,Field,Water 1,50.0
87,Dewgong,1,Normal,Water,Ice,Thick Fat,Hydration,Ice Body,475,90,70,80,70,95,70,Field,Water 1,50.0
88,Grimer,1,Normal,Poison,,Stench,Sticky Hold,Poison Touch,325,80,80,50,40,50,25,Amorphous,,50.0
88,Alolan Grimer,1,Normal,Poison,Dark,Poison Touch,Gluttony,Power of Alchemy,325,80,80,50,40,50,25,Amorphous,,50.0
89,Muk,1,Normal,Poison,,Stench,Sticky Hold,Poison Touch,500,105,105,75,65,100,50,Amorphous,,50.0
89,Alolan Muk,1,Normal,Poison,Dark,Poison Touch,Gluttony,Power of Alchemy,500,105,105,75,65,100,50,Amorphous,,50.0
90,Shellder,1,Normal,Water,,Shell Armor,Skill Link,Overcoat,305,30,65,100,45,25,40,Water 3,,50.0
91,Cloyster,1,Normal,Water,Ice,Shell Armor,Skill Link,Overcoat,525,50,95,180,85,45,70,Water 3,,50.0
92,Gastly,1,Normal,Ghost,Poison,Levitate,,,310,30,35,30,100,35,80,Amorphous,,50.0
93,Haunter,1,Normal,Ghost,Poison,Levitate,,,405,45,50,45,115,55,95,Amorphous,,50.0
94,Gengar,1,Normal,Ghost,Poison,Cursed Body,,,500,60,65,60,130,75,110,Amorphous,,50.0
94,Mega Gengar,1,Normal,Ghost,Poison,Shadow Tag,,,600,60,65,80,170,95,130,Amorphous,,50.0
95,Onix,1,Normal,Rock,Ground,Rock Head,Sturdy,Weak Armor,385,35,45,160,30,45,70,Mineral,,50.0
96,Drowzee,1,Normal,Psychic,,Insomnia,Forewarn,Inner Focus,328,60,48,45,43,90,42,Human-Like,,50.0
97,Hypno,1,Normal,Psychic,,Insomnia,Forewarn,Inner Focus,483,85,73,70,73,115,67,Human-Like,,50.0
98,Krabby,1,Normal,Water,,Hyper Cutter,Shell Armor,Sheer Force,325,30,105,90,25,25,50,Water 3,,50.0
99,Kingler,1,Normal,Water,,Hyper Cutter,Shell Armor,Sheer Force,475,55,130,115,50,50,75,Water 3,,50.0
100,Voltorb,1,Normal,Electric,,Soundproof,Static,Aftermath,330,40,30,50,55,55,100,Mineral,,
101,Electrode,1,Normal,Electric,,Soundproof,Static,Aftermath,490,60,50,70,80,80,150,Mineral,,
102,Exeggcute,1,Normal,Grass,Psychic,Chlorophyll,,Harvest,325,60,40,80,60,45,40,Grass,,50.0
103,Exeggutor,1,Normal,Grass,Psychic,Chlorophyll,,Harvest,530,95,95,85,125,75,55,Grass,,50.0
103,Alolan Exeggutor,1,Normal,Grass,Dragon,Frisk,,Harvest,530,95,105,85,125,75,45,Grass,,50.0
104,Cubone,1,Normal,Ground,,Rock Head,Lightning Rod,Battle Armor,320,50,50,95,40,50,35,Monster,,50.0
105,Marowak,1,Normal,Ground,,Rock Head,Lightning Rod,Battle Armor,425,60,80,110,50,80,45,Monster,,50.0
105,Alolan Marowak,1,Normal,Fire,Ghost,Cursed Body,Lightning Rod,Rock Head,425,60,80,110,50,80,45,Monster,,50.0
106,Hitmonlee,1,Normal,Fighting,,Limber,Reckless,Unburden,455,50,120,53,35,110,87,Human-Like,,100.0
107,Hitmonchan,1,Normal,Fighting,,Keen Eye,Iron Fist,Inner Focus,455,50,105,79,35,110,76,Human-Like,,100.0
108,Lickitung,1,Normal,Normal,,Own Tempo,Oblivious,Cloud Nine,385,90,55,75,60,75,30,Monster,,50.0
109,Koffing,1,Normal,Poison,,Levitate,Neutralizing Gas,Stench,340,40,65,95,60,45,35,Amorphous,,50.0
110,Weezing,1,Normal,Poison,,Levitate,Neutralizing Gas,Stench,490,65,90,120,85,70,60,Amorphous,,50.0
110,Galarian Weezing,1,Normal,Poison,Fairy,Levitate,Neutralizing Gas,Misty Surge,490,65,90,120,85,70,60,Amorphous,,
111,Rhyhorn,1,Normal,Ground,Rock,Lightning Rod,Rock Head,Reckless,345,80,85,95,30,30,25,Field,Monster,50.0
112,Rhydon,1,Normal,Ground,Rock,Lightning Rod,Rock Head,Reckless,485,105,130,120,45,45,40,Field,Monster,50.0
113,Chansey,1,Normal,Normal,,Natural Cure,Serene Grace,Healer,450,250,5,5,35,105,50,Fairy,,0.0
114,Tangela,1,Normal,Grass,,Chlorophyll,Leaf Guard,Regenerator,435,65,55,115,100,40,60,Grass,,50.0
115,Kangaskhan,1,Normal,Normal,,Early Bird,Scrappy,Inner Focus,490,105,95,80,40,80,90,Monster,,0.0
115,Mega Kangaskhan,1,Normal,Normal,,Parental Bond,,,590,105,125,100,60,100,100,Monster,,0.0
116,Horsea,1,Normal,Water,,Swift Swim,Sniper,Damp,295,30,40,70,70,25,60,Dragon,Water 1,50.0
117,Seadra,1,Normal,Water,,Poison Point,Sniper,Damp,440,55,65,95,95,45,85,Dragon,Water 1,50.0
118,Goldeen,1,Normal,Water,,Swift Swim,Water Veil,Lightning Rod,320,45,67,60,35,50,63,Water 2,,50.0
119,Seaking,1,Normal,Water,,Swift Swim,Water Veil,Lightning Rod,450,80,92,65,65,80,68,Water 2,,50.0
120,Staryu,1,Normal,Water,,Illuminate,Natural Cure,Analytic,340,30,45,55,70,55,85,Water 3,,
121,Starmie,1,Normal,Water,Psychic,Illuminate,Natural Cure,Analytic,520,60,75,85,100,85,115,Water 3,,
122,Mr. Mime,1,Normal,Psychic,Fairy,Soundproof,Filter,Technician,460,40,45,65,100,120,90,Human-Like,,50.0
122,Galarian Mr. Mime,1,Normal,Psychic,Ice,Vital Spirit,Screen Cleaner,Ice Body,460,50,65,65,90,90,100,Human-Like,,
123,Scyther,1,Normal,Bug,Flying,Swarm,Technician,Steadfast,500,70,110,80,55,80,105,Bug,,50.0
124,Jynx,1,Normal,Ice,Psychic,Oblivious,Forewarn,Dry Skin,455,65,50,35,115,95,95,Human-Like,,0.0
125,Electabuzz,1,Normal,Electric,,Static,,Vital Spirit,490,65,83,57,95,85,105,Human-Like,,75.0
126,Magmar,1,Normal,Fire,,Flame Body,,Vital Spirit,495,65,95,57,100,85,93,Human-Like,,75.0
127,Pinsir,1,Normal,Bug,,Hyper Cutter,Mold Breaker,Moxie,500,65,125,100,55,70,85,Bug,,50.0
127,Mega Pinsir,1,Normal,Bug,Flying,Aerilate,,,600,65,155,120,65,90,105,Bug,,50.0
128,Tauros,1,Normal,Normal,,Intimidate,Anger Point,Sheer Force,490,75,100,95,40,70,110,Field,,100.0
129,Magikarp,1,Normal,Water,,Swift Swim,,Rattled,200,20,10,55,15,20,80,Dragon,Water 2,50.0
130,Gyarados,1,Normal,Water,Flying,Intimidate,,Moxie,540,95,125,79,60,100,81,Dragon,Water 2,50.0
130,Mega Gyarados,1,Normal,Water,Dark,Mold Breaker,,,640,95,155,109,70,130,81,Dragon,Water 2,50.0
131,Lapras,1,Normal,Water,Ice,Water Absorb,Shell Armor,Hydration,535,130,85,80,85,95,60,Monster,Water 1,50.0
132,Ditto,1,Normal,Normal,,Limber,,Imposter,288,48,48,48,48,48,48,Ditto,,
133,Eevee,1,Normal,Normal,,Run Away,Adaptability,Anticipation,325,55,55,50,45,65,55,Field,,87.5
133,Partner Eevee,1,Normal,Normal,,,,Anticipation,435,65,75,70,65,85,75,,,87.5
134,Vaporeon,1,Normal,Water,,Water Absorb,,Hydration,525,130,65,60,110,95,65,Field,,87.5
135,Jolteon,1,Normal,Electric,,Volt Absorb,,Quick Feet,525,65,65,60,110,95,130,Field,,87.5
136,Flareon,1,Normal,Fire,,Flash Fire,,Guts,525,65,130,60,95,110,65,Field,,87.5
137,Porygon,1,Normal,Normal,,Trace,Download,Analytic,395,65,60,70,85,75,40,Mineral,,
138,Omanyte,1,Normal,Rock,Water,Swift Swim,Shell Armor,Weak Armor,355,35,40,100,90,55,35,Water 1,Water 3,87.5
139,Omastar,1,Normal,Rock,Water,Swift Swim,Shell Armor,Weak Armor,495,70,60,125,115,70,55,Water 1,Water 3,87.5
140,Kabuto,1,Normal,Rock,Water,Swift Swim,Battle Armor,Weak Armor,355,30,80,90,55,45,55,Water 1,Water 3,87.5
141,Kabutops,1,Normal,Rock,Water,Swift Swim,Battle Armor,Weak Armor,495,60,115,105,65,70,80,Water 1,Water 3,87.5
142,Aerodactyl,1,Normal,Rock,Flying,Rock Head,Pressure,Unnerve,515,80,105,65,60,75,130,Flying,,87.5
142,Mega Aerodactyl,1,Normal,Rock,Flying,Tough Claws,,,615,80,135,85,70,95,150,Flying,,87.5
143,Snorlax,1,Normal,Normal,,Immunity,Thick Fat,Gluttony,540,160,110,65,65,110,30,Monster,,87.5
147,Dratini,1,Normal,Dragon,,Shed Skin,,Marvel Scale,300,41,64,45,50,50,50,Dragon,Water 1,50.0
148,Dragonair,1,Normal,Dragon,,Shed Skin,,Marvel Scale,420,61,84,65,70,70,70,Dragon,Water 1,50.0
149,Dragonite,1,Normal,Dragon,Flying,Inner Focus,,Multiscale,600,91,134,95,100,100,80,Dragon,Water 1,50.0
152,Chikorita,2,Normal,Grass,,Overgrow,,Leaf Guard,318,45,49,65,49,65,45,Grass,Monster,87.5
153,Bayleef,2,Normal,Grass,,Overgrow,,Leaf Guard,405,60,62,80,63,80,60,Grass,Monster,87.5
154,Meganium,2,Normal,Grass,,Overgrow,,Leaf Guard,525,80,82,100,83,100,80,Grass,Monster,87.5
155,Cyndaquil,2,Normal,Fire,,Blaze,,Flash Fire,309,39,52,43,60,50,65,Field,,87.5
156,Quilava,2,Normal,Fire,,Blaze,,Flash Fire,405,58,64,58,80,65,80,Field,,87.5
157,Typhlosion,2,Normal,Fire,,Blaze,,Flash Fire,534,78,84,78,109,85,100,Field,,87.5
158,Totodile,2,Normal,Water,,Torrent,,Sheer Force,314,50,65,64,44,48,43,Monster,Water 1,87.5
159,Croconaw,2,Normal,Water,,Torrent,,Sheer Force,405,65,80,80,59,63,58,Monster,Water 1,87.5
160,Feraligatr,2,Normal,Water,,Torrent,,Sheer Force,530,85,105,100,79,83,78,Monster,Water 1,87.5
161,Sentret,2,Normal,Normal,,Run Away,Keen Eye,Frisk,215,35,46,34,35,45,20,Field,,50.0
162,Furret,2,Normal,Normal,,Run Away,Keen Eye,Frisk,415,85,76,64,45,55,90,Field,,50.0
163,Hoothoot,2,Normal,Normal,Flying,Insomnia,Keen Eye,Tinted Lens,262,60,30,30,36,56,50,Flying,,50.0
164,Noctowl,2,Normal,Normal,Flying,Insomnia,Keen Eye,Tinted Lens,452,100,50,50,86,96,70,Flying,,50.0
165,Ledyba,2,Normal,Bug,Flying,Swarm,Early Bird,Rattled,265,40,20,30,40,80,55,Bug,,50.0
166,Ledian,2,Normal,Bug,Flying,Swarm,Early Bird,Iron Fist,390,55,35,50,55,110,85,Bug,,50.0
167,Spinarak,2,Normal,Bug,Poison,Swarm,Insomnia,Sniper,250,40,60,40,40,40,30,Bug,,50.0
168,Ariados,2,Normal,Bug,Poison,Swarm,Insomnia,Sniper,400,70,90,70,60,70,40,Bug,,50.0
169,Crobat,2,Normal,Poison,Flying,Inner Focus,,Infiltrator,535,85,90,80,70,80,130,Flying,,50.0
170,Chinchou,2,Normal,Water,Electric,Volt Absorb,Illuminate,Water Absorb,330,75,38,38,56,56,67,Water 2,,50.0
171,Lanturn,2,Normal,Water,Electric,Volt Absorb,Illuminate,Water Absorb,460,125,58,58,76,76,67,Water 2,,50.0
172,Pichu,2,Normal,Electric,,Static,,Lightning Rod,205,20,40,15,35,35,60,Undiscovered,,50.0
173,Cleffa,2,Normal,Fairy,,Cute Charm,Magic Guard,Friend Guard,218,50,25,28,45,55,15,Undiscovered,,25.0
174,Igglybuff,2,Normal,Normal,Fairy,Cute Charm,Competitive,Friend Guard,210,90,30,15,40,20,15,Undiscovered,,25.0
175,Togepi,2,Normal,Fairy,,Hustle,Serene Grace,Super Luck,245,35,20,65,40,65,20,Undiscovered,,87.5
176,Togetic,2,Normal,Fairy,Flying,Hustle,Serene Grace,Super Luck,405,55,40,85,80,105,40,Fairy,Flying,87.5
177,Natu,2,Normal,Psychic,Flying,Synchronize,Early Bird,Magic Bounce,320,40,50,45,70,45,70,Flying,,50.0
178,Xatu,2,Normal,Psychic,Flying,Synchronize,Early Bird,Magic Bounce,470,65,75,70,95,70,95,Flying,,50.0
179,Mareep,2,Normal,Electric,,Static,,Plus,280,55,40,40,65,45,35,Field,Monster,50.0
180,Flaaffy,2,Normal,Electric,,Static,,Plus,365,70,55,55,80,60,45,Field,Monster,50.0
181,Ampharos,2,Normal,Electric,,Static,,Plus,510,90,75,85,115,90,55,Field,Monster,50.0
181,Mega Ampharos,2,Normal,Electric,Dragon,Mold Breaker,,,610,90,95,105,165,110,45,Field,Monster,50.0
182,Bellossom,2,Normal,Grass,,Chlorophyll,,Healer,490,75,80,95,90,100,50,Grass,,50.0
183,Marill,2,Normal,Water,Fairy,Thick Fat,Huge Power,Sap Sipper,250,70,20,50,20,50,40,Fairy,Water 1,50.0
184,Azumarill,2,Normal,Water,Fairy,Thick Fat,Huge Power,Sap Sipper,420,100,50,80,60,80,50,Fairy,Water 1,50.0
185,Sudowoodo,2,Normal,Rock,,Sturdy,Rock Head,Rattled,410,70,100,115,30,65,30,Mineral,,50.0
186,Politoed,2,Normal,Water,,Water Absorb,Damp,Drizzle,500,90,75,75,90,100,70,Water 1,,50.0
187,Hoppip,2,Normal,Grass,Flying,Chlorophyll,Leaf Guard,Infiltrator,250,35,35,40,35,55,50,Fairy,Grass,50.0
188,Skiploom,2,Normal,Grass,Flying,Chlorophyll,Leaf Guard,Infiltrator,340,55,45,50,45,65,80,Fairy,Grass,50.0
189,Jumpluff,2,Normal,Grass,Flying,Chlorophyll,Leaf Guard,Infiltrator,460,75,55,70,55,95,110,Fairy,Grass,50.0
190,Aipom,2,Normal,Normal,,Run Away,Pickup,Skill Link,360,55,70,55,40,55,85,Field,,50.0
191,Sunkern,2,Normal,Grass,,Chlorophyll,Solar Power,Early Bird,180,30,30,30,30,30,30,Grass,,50.0
192,Sunflora,2,Normal,Grass,,Chlorophyll,Solar Power,Early Bird,425,75,75,55,105,85,30,Grass,,50.0
193,Yanma,2,Normal,Bug,Flying,Speed Boost,Compound Eyes,Frisk,390,65,65,45,75,45,95,Bug,,50.0
194,Wooper,2,Normal,Water,Ground,Damp,Water Absorb,Unaware,210,55,45,45,25,25,15,Field,Water 1,50.0
195,Quagsire,2,Normal,Water,Ground,Damp,Water Absorb,Unaware,430,95,85,85,65,65,35,Field,Water 1,50.0
196,Espeon,2,Normal,Psychic,,Synchronize,,Magic Bounce,525,65,65,60,130,95,110,Field,,87.5
197,Umbreon,2,Normal,Dark,,Synchronize,,Inner Focus,525,95,65,110,60,130,65,Field,,87.5
198,Murkrow,2,Normal,Dark,Flying,Insomnia,Super Luck,Prankster,405,60,85,42,85,42,91,Flying,,50.0
199,Slowking,2,Normal,Water,Psychic,Oblivious,Own Tempo,Regenerator,490,95,75,80,100,110,30,Monster,Water 1,50.0
200,Misdreavus,2,Normal,Ghost,,Levitate,,,435,60,60,60,85,85,85,Amorphous,,50.0
201,Unown,2,Normal,Psychic,,Levitate,,,336,48,72,48,72,48,48,Undiscovered,,
202,Wobbuffet,2,Normal,Psychic,,Shadow Tag,,Telepathy,405,190,33,58,33,58,33,Amorphous,,50.0
203,Girafarig,2,Normal,Normal,Psychic,Inner Focus,Early Bird,Sap Sipper,455,70,80,65,90,65,85,Field,,50.0
204,Pineco,2,Normal,Bug,,Sturdy,,Overcoat,290,50,65,90,35,35,15,Bug,,50.0
205,Forretress,2,Normal,Bug,Steel,Sturdy,,Overcoat,465,75,90,140,60,60,40,Bug,,50.0
206,Dunsparce,2,Normal,Normal,,Serene Grace,Run Away,Rattled,415,100,70,70,65,65,45,Field,,50.0
207,Gligar,2,Normal,Ground,Flying,Hyper Cutter,Sand Veil,Immunity,430,65,75,105,35,65,85,Bug,,50.0
208,Steelix,2,Normal,Steel,Ground,Rock Head,Sturdy,Sheer Force,510,75,85,200,55,65,30,Mineral,,50.0
208,Mega Steelix,2,Normal,Steel,Ground,Sand Force,,,610,75,125,230,55,95,30,Mineral,,50.0
209,Snubbull,2,Normal,Fairy,,Intimidate,Run Away,Rattled,300,60,80,50,40,40,30,Fairy,Field,25.0
210,Granbull,2,Normal,Fairy,,Intimidate,Quick Feet,Rattled,450,90,120,75,60,60,45,Fairy,Field,25.0
211,Qwilfish,2,Normal,Water,Poison,Poison Point,Swift Swim,Intimidate,440,65,95,85,55,55,85,Water 2,,50.0
212,Scizor,2,Normal,Bug,Steel,Swarm,Technician,Light Metal,500,70,130,100,55,80,65,Bug,,50.0
212,Mega Scizor,2,Normal,Bug,Steel,Technician,,,600,70,150,140,65,100,75,Bug,,50.0
213,Shuckle,2,Normal,Bug,Rock,Sturdy,Gluttony,Contrary,505,20,10,230,10,230,5,Bug,,50.0
214,Heracross,2,Normal,Bug,Fighting,Swarm,Guts,Moxie,500,80,125,75,40,95,85,Bug,,50.0
214,Mega Heracross,2,Normal,Bug,Fighting,Skill Link,,,600,80,185,115,40,105,75,Bug,,50.0
215,Sneasel,2,Normal,Dark,Ice,Inner Focus,Keen Eye,Pickpocket,430,55,95,55,35,75,115,Field,,50.0
216,Teddiursa,2,Normal,Normal,,Pickup,Quick Feet,Honey Gather,330,60,80,50,50,50,40,Field,,50.0
217,Ursaring,2,Normal,Normal,,Guts,Quick Feet,Unnerve,500,90,130,75,75,75,55,Field,,50.0
218,Slugma,2,Normal,Fire,,Magma Armor,Flame Body,Weak Armor,250,40,40,40,70,40,20,Amorphous,,50.0
219,Magcargo,2,Normal,Fire,Rock,Magma Armor,Flame Body,Weak Armor,430,60,50,120,90,80,30,Amorphous,,50.0
220,Swinub,2,Normal,Ice,Ground,Oblivious,Snow Cloak,Thick Fat,250,50,50,40,30,30,50,Field,,50.0
221,Piloswine,2,Normal,Ice,Ground,Oblivious,Snow Cloak,Thick Fat,450,100,100,80,60,60,50,Field,,50.0
222,Corsola,2,Normal,Water,Rock,Hustle,Natural Cure,Regenerator,410,65,55,95,65,95,35,Water 1,Water 3,25.0
222,Galarian Corsola,2,Normal,Ghost,,Weak Armor,,Cursed Body,410,60,55,100,65,100,30,Water 1,Water 3,
223,Remoraid,2,Normal,Water,,Hustle,Sniper,Moody,300,35,65,35,65,35,65,Water 1,Water 2,50.0
224,Octillery,2,Normal,Water,,Suction Cups,Sniper,Moody,480,75,105,75,105,75,45,Water 1,Water 2,50.0
225,Delibird,2,Normal,Ice,Flying,Vital Spirit,Hustle,Insomnia,330,45,55,45,65,45,75,Field,Water 1,50.0
226,Mantine,2,Normal,Water,Flying,Swift Swim,Water Absorb,Water Veil,485,85,40,70,80,140,70,Water 1,,50.0
227,Skarmory,2,Normal,Steel,Flying,Keen Eye,Sturdy,Weak Armor,465,65,80,140,40,70,70,Flying,,50.0
228,Houndour,2,Normal,Dark,Fire,Early Bird,Flash Fire,Unnerve,330,45,60,30,80,50,65,Field,,50.0
229,Houndoom,2,Normal,Dark,Fire,Early Bird,Flash Fire,Unnerve,500,75,90,50,110,80,95,Field,,50.0
229,Mega Houndoom,2,Normal,Dark,Fire,Solar Power,,,600,75,90,90,140,90,115,Field,,50.0
230,Kingdra,2,Normal,Water,Dragon,Swift Swim,Sniper,Damp,540,75,95,95,95,95,85,Dragon,Water 1,50.0
231,Phanpy,2,Normal,Ground,,Pickup,,Sand Veil,330,90,60,60,40,40,40,Field,,50.0
232,Donphan,2,Normal,Ground,,Sturdy,,Sand Veil,500,90,120,120,60,60,50,Field,,50.0
233,Porygon2,2,Normal,Normal,,Trace,Download,Analytic,515,85,80,90,105,95,60,Mineral,,
234,Stantler,2,Normal,Normal,,Intimidate,Frisk,Sap Sipper,465,73,95,62,85,65,85,Field,,50.0
235,Smeargle,2,Normal,Normal,,Own Tempo,Technician,Moody,250,55,20,35,20,45,75,Field,,50.0
236,Tyrogue,2,Normal,Fighting,,Guts,Steadfast,Vital Spirit,210,35,35,35,35,35,35,Undiscovered,,100.0
237,Hitmontop,2,Normal,Fighting,,Intimidate,Technician,Steadfast,455,50,95,95,35,110,70,Human-Like,,100.0
238,Smoochum,2,Normal,Ice,Psychic,Oblivious,Forewarn,Hydration,305,45,30,15,85,65,65,Undiscovered,,0.0
239,Elekid,2,Normal,Electric,,Static,,Vital Spirit,360,45,63,37,65,55,95,Undiscovered,,75.0
240,Magby,2,Normal,Fire,,Flame Body,,Vital Spirit,365,45,75,37,70,55,83,Undiscovered,,75.0
241,Miltank,2,Normal,Normal,,Thick Fat,Scrappy,Sap Sipper,490,95,80,105,40,70,100,Field,,0.0
242,Blissey,2,Normal,Normal,,Natural Cure,Serene Grace,Healer,540,255,10,10,75,135,55,Fairy,,0.0
246,Larvitar,2,Normal,Rock,Ground,Guts,,Sand Veil,300,50,64,50,45,50,41,Monster,,50.0
247,Pupitar,2,Normal,Rock,Ground,Shed Skin,,,410,70,84,70,65,70,51,Monster,,50.0
248,Tyranitar,2,Normal,Rock,Dark,Sand Stream,,Unnerve,600,100,134,110,95,100,61,Monster,,50.0
248,Mega Tyranitar,2,Normal,Rock,Dark,Sand Stream,,,700,100,164,150,95,120,71,Monster,,50.0
252,Treecko,3,Normal,Grass,,Overgrow,,Unburden,310,40,45,35,65,55,70,Dragon,Monster,87.5
253,Grovyle,3,Normal,Grass,,Overgrow,,Unburden,405,50,65,45,85,65,95,Dragon,Monster,87.5
254,Sceptile,3,Normal,Grass,,Overgrow,,Unburden,530,70,85,65,105,85,120,Dragon,Monster,87.5
254,Mega Sceptile,3,Normal,Grass,Dragon,Lightning Rod,,,630,70,110,75,145,85,145,Dragon,Monster,87.5
255,Torchic,3,Normal,Fire,,Blaze,,Speed Boost,310,45,60,40,70,50,45,Field,,87.5
256,Combusken,3,Normal,Fire,Fighting,Blaze,,Speed Boost,405,60,85,60,85,60,55,Field,,87.5
257,Blaziken,3,Normal,Fire,Fighting,Blaze,,Speed Boost,530,80,120,70,110,70,80,Field,,87.5
257,Mega Blaziken,3,Normal,Fire,Fighting,Speed Boost,,,630,80,160,80,130,80,100,Field,,87.5
258,Mudkip,3,Normal,Water,,Torrent,,Damp,310,50,70,50,50,50,40,Monster,Water 1,87.5
259,Marshtomp,3,Normal,Water,Ground,Torrent,,Damp,405,70,85,70,60,70,50,Monster,Water 1,87.5
260,Swampert,3,Normal,Water,Ground,Torrent,,Damp,535,100,110,90,85,90,60,Monster,Water 1,87.5
260,Mega Swampert,3,Normal,Water,Ground,Swift Swim,,,635,100,150,110,95,110,70,Monster,Water 1,87.5
261,Poochyena,3,Normal,Dark,,Run Away,Quick Feet,Rattled,220,35,55,35,30,30,35,Field,,50.0
262,Mightyena,3,Normal,Dark,,Intimidate,Quick Feet,Moxie,420,70,90,70,60,60,70,Field,,50.0
263,Zigzagoon,3,Normal,Normal,,Pickup,Gluttony,Quick Feet,240,38,30,41,30,41,60,Field,,50.0
263,Galarian Zigzagoon,3,Normal,Dark,Normal,Pickup,Gluttony,Quick Feet,240,38,30,41,30,41,60,Field,,
264,Linoone,3,Normal,Normal,,Pickup,Gluttony,Quick Feet,420,78,70,61,50,61,100,Field,,50.0
264,Galarian Linoone,3,Normal,Dark,Normal,Pickup,Gluttony,Quick Feet,420,78,70,61,50,61,100,Field,,
265,Wurmple,3,Normal,Bug,,Shield Dust,,Run Away,195,45,45,35,20,30,20,Bug,,50.0
266,Silcoon,3,Normal,Bug,,Shed Skin,,,205,50,35,55,25,25,15,Bug,,50.0
267,Beautifly,3,Normal,Bug,Flying,Swarm,,Rivalry,395,60,70,50,100,50,65,Bug,,50.0
268,Cascoon,3,Normal,Bug,,Shed Skin,,,205,50,35,55,25,25,15,Bug,,50.0
269,Dustox,3,Normal,Bug,Poison,Shield Dust,,Compound Eyes,385,60,50,70,50,90,65,Bug,,50.0
270,Lotad,3,Normal,Water,Grass,Swift Swim,Rain Dish,Own Tempo,220,40,30,30,40,50,30,Grass,Water 1,50.0
271,Lombre,3,Normal,Water,Grass,Swift Swim,Rain Dish,Own Tempo,340,60,50,50,60,70,50,Grass,Water 1,50.0
272,Ludicolo,3,Normal,Water,Grass,Swift Swim,Rain Dish,Own Tempo,480,80,70,70,90,100,70,Grass,Water 1,50.0
273,Seedot,3,Normal,Grass,,Chlorophyll,Early Bird,Pickpocket,220,40,40,50,30,30,30,Field,Grass,50.0
274,Nuzleaf,3,Normal,Grass,Dark,Chlorophyll,Early Bird,Pickpocket,340,70,70,40,60,40,60,Field,Grass,50.0
275,Shiftry,3,Normal,Grass,Dark,Chlorophyll,Early Bird,Pickpocket,480,90,100,60,90,60,80,Field,Grass,50.0
276,Taillow,3,Normal,Normal,Flying,Guts,,Scrappy,270,40,55,30,30,30,85,Flying,,50.0
277,Swellow,3,Normal,Normal,Flying,Guts,,Scrappy,455,60,85,60,75,50,125,Flying,,50.0
278,Wingull,3,Normal,Water,Flying,Keen Eye,Hydration,Rain Dish,270,40,30,30,55,30,85,Flying,Water 1,50.0
279,Pelipper,3,Normal,Water,Flying,Keen Eye,Drizzle,Rain Dish,440,60,50,100,95,70,65,Flying,Water 1,50.0
280,Ralts,3,Normal,Psychic,Fairy,Synchronize,Trace,Telepathy,198,28,25,25,45,35,40,Amorphous,Human-Like,50.0
281,Kirlia,3,Normal,Psychic,Fairy,Synchronize,Trace,Telepathy,278,38,35,35,65,55,50,Amorphous,Human-Like,50.0
282,Gardevoir,3,Normal,Psychic,Fairy,Synchronize,Trace,Telepathy,518,68,65,65,125,115,80,Amorphous,Human-Like,50.0
282,Mega Gardevoir,3,Normal,Psychic,Fairy,Pixilate,,,618,68,85,65,165,135,100,Amorphous,,50.0
283,Surskit,3,Normal,Bug,Water,Swift Swim,,Rain Dish,269,40,30,32,50,52,65,Bug,Water 1,50.0
284,Masquerain,3,Normal,Bug,Flying,Intimidate,,Unnerve,454,70,60,62,100,82,80,Bug,Water 1,50.0
285,Shroomish,3,Normal,Grass,,Effect Spore,Poison Heal,Quick Feet,295,60,40,60,40,60,35,Fairy,Grass,50.0
286,Breloom,3,Normal,Grass,Fighting,Effect Spore,Poison Heal,Technician,460,60,130,80,60,60,70,Fairy,Grass,50.0
287,Slakoth,3,Normal,Normal,,Truant,,,280,60,60,60,35,35,30,Field,,50.0
288,Vigoroth,3,Normal,Normal,,Vital Spirit,,,440,80,80,80,55,55,90,Field,,50.0
289,Slaking,3,Normal,Normal,,Truant,,,670,150,160,100,95,65,100,Field,,50.0
290,Nincada,3,Normal,Bug,Ground,Compound Eyes,,Run Away,266,31,45,90,30,30,40,Bug,,50.0
291,Ninjask,3,Normal,Bug,Flying,Speed Boost,,Infiltrator,456,61,90,45,50,50,160,Bug,,50.0
292,Shedinja,3,Normal,Bug,Ghost,Wonder Guard,,,236,1,90,45,30,30,40,Mineral,,
293,Whismur,3,Normal,Normal,,Soundproof,,Rattled,240,64,51,23,51,23,28,Field,Monster,50.0
294,Loudred,3,Normal,Normal,,Soundproof,,Scrappy,360,84,71,43,71,43,48,Field,Monster,50.0
295,Exploud,3,Normal,Normal,,Soundproof,,Scrappy,490,104,91,63,91,73,68,Field,Monster,50.0
296,Makuhita,3,Normal,Fighting,,Thick Fat,Guts,Sheer Force,237,72,60,30,20,30,25,Human-Like,,75.0
297,Hariyama,3,Normal,Fighting,,Thick Fat,Guts,Sheer Force,474,144,120,60,40,60,50,Human-Like,,75.0
298,Azurill,3,Normal,Normal,Fairy,Thick Fat,Huge Power,Sap Sipper,190,50,20,40,20,40,20,Undiscovered,,25.0
299,Nosepass,3,Normal,Rock,,Sturdy,Magnet Pull,Sand Force,375,30,45,135,45,90,30,Mineral,,50.0
300,Skitty,3,Normal,Normal,,Cute Charm,Normalize,Wonder Skin,260,50,45,45,35,35,50,Fairy,Field,25.0
301,Delcatty,3,Normal,Normal,,Cute Charm,Normalize,Wonder Skin,400,70,65,65,55,55,90,Fairy,Field,25.0
302,Sableye,3,Normal,Dark,Ghost,Keen Eye,Stall,Prankster,380,50,75,75,65,65,50,Human-Like,,50.0
302,Mega Sableye,3,Normal,Dark,Ghost,Magic Bounce,,,480,50,85,125,85,115,20,Human-Like,,50.0
303,Mawile,3,Normal,Steel,Fairy,Hyper Cutter,Intimidate,Sheer Force,380,50,85,85,55,55,50,Fairy,Field,50.0
303,Mega Mawile,3,Normal,Steel,Fairy,Huge Power,,,480,50,105,125,55,95,50,Fairy,Field,50.0
304,Aron,3,Normal,Steel,Rock,Sturdy,Rock Head,Heavy Metal,330,50,70,100,40,40,30,Monster,,50.0
305,Lairon,3,Normal,Steel,Rock,Sturdy,Rock Head,Heavy Metal,430,60,90,140,50,50,40,Monster,,50.0
306,Aggron,3,Normal,Steel,Rock,Sturdy,Rock Head,Heavy Metal,530,70,110,180,60,60,50,Monster,,50.0
306,Mega Aggron,3,Normal,Steel,,Filter,,,630,70,140,230,60,80,50,Monster,,50.0
307,Meditite,3,Normal,Fighting,Psychic,Pure Power,,Telepathy,280,30,40,55,40,55,60,Human-Like,,50.0
308,Medicham,3,Normal,Fighting,Psychic,Pure Power,,Telepathy,410,60,60,75,60,75,80,Human-Like,,50.0
308,Mega Medicham,3,Normal,Fighting,Psychic,Pure Power,,,510,60,100,85,80,85,100,Human-Like,,50.0
309,Electrike,3,Normal,Electric,,Static,Lightning Rod,Minus,295,40,45,40,65,40,65,Field,,50.0
310,Manectric,3,Normal,Electric,,Static,Lightning Rod,Minus,475,70,75,60,105,60,105,Field,,50.0
310,Mega Manectric,3,Normal,Electric,,Intimidate,,,575,70,75,80,135,80,135,Field,,50.0
311,Plusle,3,Normal,Electric,,Plus,,Lightning Rod,405,60,50,40,85,75,95,Fairy,,50.0
312,Minun,3,Normal,Electric,,Minus,,Volt Absorb,405,60,40,50,75,85,95,Fairy,,50.0
313,Volbeat,3,Normal,Bug,,Illuminate,Swarm,Prankster,430,65,73,75,47,85,85,Bug,Human-Like,100.0
314,Illumise,3,Normal,Bug,,Oblivious,Tinted Lens,Prankster,430,65,47,75,73,85,85,Bug,Human-Like,0.0
315,Roselia,3,Normal,Grass,Poison,Natural Cure,Poison Point,Leaf Guard,400,50,60,45,100,80,65,Fairy,Grass,50.0
316,Gulpin,3,Normal,Poison,,Liquid Ooze,Sticky Hold,Gluttony,302,70,43,53,43,53,40,Amorphous,,50.0
317,Swalot,3,Normal,Poison,,Liquid Ooze,Sticky Hold,Gluttony,467,100,73,83,73,83,55,Amorphous,,50.0
318,Carvanha,3,Normal,Water,Dark,Rough Skin,,Speed Boost,305,45,90,20,65,20,65,Water 2,,50.0
319,Sharpedo,3,Normal,Water,Dark,Rough Skin,,Speed Boost,460,70,120,40,95,40,95,Water 2,,50.0
319,Mega Sharpedo,3,Normal,Water,Dark,Strong Jaw,,,560,70,140,70,110,65,105,Water 2,,50.0
320,Wailmer,3,Normal,Water,,Water Veil,Oblivious,Pressure,400,130,70,35,70,35,60,Field,Water 2,50.0
321,Wailord,3,Normal,Water,,Water Veil,Oblivious,Pressure,500,170,90,45,90,45,60,Field,Water 2,50.0
322,Numel,3,Normal,Fire,Ground,Oblivious,Simple,Own Tempo,305,60,60,40,65,45,35,Field,,50.0
323,Camerupt,3,Normal,Fire,Ground,Magma Armor,Solid Rock,Anger Point,460,70,100,70,105,75,40,Field,,50.0
323,Mega Camerupt,3,Normal,Fire,Ground,Sheer Force,,,560,70,120,100,145,105,20,Field,,50.0
324,Torkoal,3,Normal,Fire,,White Smoke,Drought,Shell Armor,470,70,85,140,85,70,20,Field,,50.0
325,Spoink,3,Normal,Psychic,,Thick Fat,Own Tempo,Gluttony,330,60,25,35,70,80,60,Field,,50.0
326,Grumpig,3,Normal,Psychic,,Thick Fat,Own Tempo,Gluttony,470,80,45,65,90,110,80,Field,,50.0
327,Spinda,3,Normal,Normal,,Own Tempo,Tangled Feet,Contrary,360,60,60,60,60,60,60,Field,Human-Like,50.0
328,Trapinch,3,Normal,Ground,,Hyper Cutter,Arena Trap,Sheer Force,290,45,100,45,45,45,10,Bug,Dragon,50.0
329,Vibrava,3,Normal,Ground,Dragon,Levitate,,,340,50,70,50,50,50,70,Bug,Dragon,50.0
330,Flygon,3,Normal,Ground,Dragon,Levitate,,,520,80,100,80,80,80,100,Bug,Dragon,50.0
331,Cacnea,3,Normal,Grass,,Sand Veil,,Water Absorb,335,50,85,40,85,40,35,Grass,Human-Like,50.0
332,Cacturne,3,Normal,Grass,Dark,Sand Veil,,Water Absorb,475,70,115,60,115,60,55,Grass,Human-Like,50.0
333,Swablu,3,Normal,Normal,Flying,Natural Cure,,Cloud Nine,310,45,40,60,40,75,50,Dragon,Flying,50.0
334,Altaria,3,Normal,Dragon,Flying,Natural Cure,,Cloud Nine,490,75,70,90,70,105,80,Dragon,Flying,50.0
334,Mega Altaria,3,Normal,Dragon,Fairy,Pixilate,,,590,75,110,110,110,105,80,Dragon,Flying,50.0
335,Zangoose,3,Normal,Normal,,Immunity,,Toxic Boost,458,73,115,60,60,60,90,Field,,50.0
336,Seviper,3,Normal,Poison,,Shed Skin,,Infiltrator,458,73,100,60,100,60,65,Dragon,Field,50.0
337,Lunatone,3,Normal,Rock,Psychic,Levitate,,,460,90,55,65,95,85,70,Mineral,,
338,Solrock,3,Normal,Rock,Psychic,Levitate,,,460,90,95,85,55,65,70,Mineral,,
339,Barboach,3,Normal,Water,Ground,Oblivious,Anticipation,Hydration,288,50,48,43,46,41,60,Water 2,,50.0
340,Whiscash,3,Normal,Water,Ground,Oblivious,Anticipation,Hydration,468,110,78,73,76,71,60,Water 2,,50.0
341,Corphish,3,Normal,Water,,Hyper Cutter,Shell Armor,Adaptability,308,43,80,65,50,35,35,Water 1,Water 3,50.0
342,Crawdaunt,3,Normal,Water,Dark,Hyper Cutter,Shell Armor,Adaptability,468,63,120,85,90,55,55,Water 1,Water 3,50.0
343,Baltoy,3,Normal,Ground,Psychic,Levitate,,,300,40,40,55,40,70,55,Mineral,,
344,Claydol,3,Normal,Ground,Psychic,Levitate,,,500,60,70,105,70,120,75,Mineral,,
345,Lileep,3,Normal,Rock,Grass,Suction Cups,,Storm Drain,355,66,41,77,61,87,23,Water 3,,87.5
346,Cradily,3,Normal,Rock,Grass,Suction Cups,,Storm Drain,495,86,81,97,81,107,43,Water 3,,87.5
347,Anorith,3,Normal,Rock,Bug,Battle Armor,,Swift Swim,355,45,95,50,40,50,75,Water 3,,87.5
348,Armaldo,3,Normal,Rock,Bug,Battle Armor,,Swift Swim,495,75,125,100,70,80,45,Water 3,,87.5
349,Feebas,3,Normal,Water,,Swift Swim,Oblivious,Adaptability,200,20,15,20,10,55,80,Dragon,Water 1,50.0
350,Milotic,3,Normal,Water,,Marvel Scale,Competitive,Cute Charm,540,95,60,79,100,125,81,Dragon,Water 1,50.0
351,Castform,3,Normal,Normal,,Forecast,,,420,70,70,70,70,70,70,Amorphous,Fairy,50.0
351,Castform Sunny Form,3,Normal,Fire,,Forecast,,,420,70,70,70,70,70,70,Amorphous,Fairy,50.0
351,Castform Rainy Form,3,Normal,Water,,Forecast,,,420,70,70,70,70,70,70,Amorphous,Fairy,50.0
351,Castform Snowy Form,3,Normal,Ice,,Forecast,,,420,70,70,70,70,70,70,Amorphous,Fairy,50.0
352,Kecleon,3,Normal,Normal,,Color Change,,Protean,440,60,90,70,60,120,40,Field,,50.0
353,Shuppet,3,Normal,Ghost,,Insomnia,Frisk,Cursed Body,295,44,75,35,63,33,45,Amorphous,,50.0
354,Banette,3,Normal,Ghost,,Insomnia,Frisk,Cursed Body,455,64,115,65,83,63,65,Amorphous,,50.0
354,Mega Banette,3,Normal,Ghost,,Prankster,,,555,64,165,75,93,83,75,Amorphous,,50.0
355,Duskull,3,Normal,Ghost,,Levitate,,Frisk,295,20,40,90,30,90,25,Amorphous,,50.0
356,Dusclops,3,Normal,Ghost,,Pressure,,Frisk,455,40,70,130,60,130,25,Amorphous,,50.0
357,Tropius,3,Normal,Grass,Flying,Chlorophyll,Solar Power,Harvest,460,99,68,83,72,87,51,Grass,Monster,50.0
358,Chimecho,3,Normal,Psychic,,Levitate,,,455,75,50,80,95,90,65,Amorphous,,50.0
359,Absol,3,Normal,Dark,,Pressure,Super Luck,Justified,465,65,130,60,75,60,75,Field,,50.0
359,Mega Absol,3,Normal,Dark,,Magic Bounce,,,565,65,150,60,115,60,115,Field,,50.0
360,Wynaut,3,Normal,Psychic,,Shadow Tag,,Telepathy,260,95,23,48,23,48,23,Undiscovered,,50.0
361,Snorunt,3,Normal,Ice,,Inner Focus,Ice Body,Moody,300,50,50,50,50,50,50,Fairy,Mineral,50.0
362,Glalie,3,Normal,Ice,,Inner Focus,Ice Body,Moody,480,80,80,80,80,80,80,Fairy,Mineral,50.0
362,Mega Glalie,3,Normal,Ice,,Refrigerate,,,580,80,120,80,120,80,100,Fairy,Mineral,50.0
363,Spheal,3,Normal,Ice,Water,Thick Fat,Ice Body,Oblivious,290,70,40,50,55,50,25,Field,Water 1,50.0
364,Sealeo,3,Normal,Ice,Water,Thick Fat,Ice Body,Oblivious,410,90,60,70,75,70,45,Field,Water 1,50.0
365,Walrein,3,Normal,Ice,Water,Thick Fat,Ice Body,Oblivious,530,110,80,90,95,90,65,Field,Water 1,50.0
366,Clamperl,3,Normal,Water,,Shell Armor,,Rattled,345,35,64,85,74,55,32,Water 1,,50.0
367,Huntail,3,Normal,Water,,Swift Swim,,Water Veil,485,55,104,105,94,75,52,Water 1,,50.0
368,Gorebyss,3,Normal,Water,,Swift Swim,,Hydration,485,55,84,105,114,75,52,Water 1,,50.0
369,Relicanth,3,Normal,Water,Rock,Swift Swim,Rock Head,Sturdy,485,100,90,130,45,65,55,Water 1,Water 2,87.5
370,Luvdisc,3,Normal,Water,,Swift Swim,,Hydration,330,43,30,55,40,65,97,Water 2,,25.0
371,Bagon,3,Normal,Dragon,,Rock Head,,Sheer Force,300,45,75,60,40,30,50,Dragon,,50.0
372,Shelgon,3,Normal,Dragon,,Rock Head,,Overcoat,420,65,95,100,60,50,50,Dragon,,50.0
373,Salamence,3,Normal,Dragon,Flying,Intimidate,,Moxie,600,95,135,80,110,80,100,Dragon,,50.0
373,Mega Salamence,3,Normal,Dragon,Flying,Aerilate,,,700,95,145,130,120,90,120,Dragon,,50.0
374,Beldum,3,Normal,Steel,Psychic,Clear Body,,Light Metal,300,40,55,80,35,60,30,Mineral,,
375,Metang,3,Normal,Steel,Psychic,Clear Body,,Light Metal,420,60,75,100,55,80,50,Mineral,,
376,Metagross,3,Normal,Steel,Psychic,Clear Body,,Light Metal,600,80,135,130,95,90,70,Mineral,,
376,Mega Metagross,3,Normal,Steel,Psychic,Tough Claws,,,700,80,145,150,105,110,110,Mineral,,
387,Turtwig,4,Normal,Grass,,Overgrow,,Shell Armor,318,55,68,64,45,55,31,Grass,Monster,87.5
388,Grotle,4,Normal,Grass,,Overgrow,,Shell Armor,405,75,89,85,55,65,36,Grass,Monster,87.5
389,Torterra,4,Normal,Grass,Ground,Overgrow,,Shell Armor,525,95,109,105,75,85,56,Grass,Monster,87.5
390,Chimchar,4,Normal,Fire,,Blaze,,Iron Fist,309,44,58,44,58,44,61,Field,Human-Like,87.5
391,Monferno,4,Normal,Fire,Fighting,Blaze,,Iron Fist,405,64,78,52,78,52,81,Field,Human-Like,87.5
392,Infernape,4,Normal,Fire,Fighting,Blaze,,Iron Fist,534,76,104,71,104,71,108,Field,Human-Like,87.5
393,Piplup,4,Normal,Water,,Torrent,,Defiant,314,53,51,53,61,56,40,Field,Water 1,87.5
394,Prinplup,4,Normal,Water,,Torrent,,Defiant,405,64,66,68,81,76,50,Field,Water 1,87.5
395,Empoleon,4,Normal,Water,Steel,Torrent,,Defiant,530,84,86,88,111,101,60,Field,Water 1,87.5
396,Starly,4,Normal,Normal,Flying,Keen Eye,,Reckless,245,40,55,30,30,30,60,Flying,,50.0
397,Staravia,4,Normal,Normal,Flying,Intimidate,,Reckless,340,55,75,50,40,40,80,Flying,,50.0
398,Staraptor,4,Normal,Normal,Flying,Intimidate,,Reckless,485,85,120,70,50,60,100,Flying,,50.0
399,Bidoof,4,Normal,Normal,,Simple,Unaware,Moody,250,59,45,40,35,40,31,Field,Water 1,50.0
400,Bibarel,4,Normal,Normal,Water,Simple,Unaware,Moody,410,79,85,60,55,60,71,Field,Water 1,50.0
401,Kricketot,4,Normal,Bug,,Shed Skin,,Run Away,194,37,25,41,25,41,25,Bug,,50.0
402,Kricketune,4,Normal,Bug,,Swarm,,Technician,384,77,85,51,55,51,65,Bug,,50.0
403,Shinx,4,Normal,Electric,,Rivalry,Intimidate,Guts,263,45,65,34,40,34,45,Field,,50.0
404,Luxio,4,Normal,Electric,,Rivalry,Intimidate,Guts,363,60,85,49,60,49,60,Field,,50.0
405,Luxray,4,Normal,Electric,,Rivalry,Intimidate,Guts,523,80,120,79,95,79,70,Field,,50.0
406,Budew,4,Normal,Grass,Poison,Natural Cure,Poison Point,Leaf Guard,280,40,30,35,50,70,55,Undiscovered,,50.0
407,Roserade,4,Normal,Grass,Poison,Natural Cure,Poison Point,Technician,515,60,70,65,125,105,90,Fairy,Grass,50.0
408,Cranidos,4,Normal,Rock,,Mold Breaker,,Sheer Force,350,67,125,40,30,30,58,Monster,,87.5
409,Rampardos,4,Normal,Rock,,Mold Breaker,,Sheer Force,495,97,165,60,65,50,58,Monster,,87.5
410,Shieldon,4,Normal,Rock,Steel,Sturdy,,Soundproof,350,30,42,118,42,88,30,Monster,,87.5
411,Bastiodon,4,Normal,Rock,Steel,Sturdy,,Soundproof,495,60,52,168,47,138,30,Monster,,87.5
412,Burmy,4,Normal,Bug,,Shed Skin,,Overcoat,224,40,29,45,29,45,36,Bug,,50.0
413,Wormadam Plant Cloak,4,Normal,Bug,Grass,Anticipation,,Overcoat,424,60,59,85,79,105,36,Bug,,0.0
413,Wormadam Sandy Cloak,4,Normal,Bug,Ground,Anticipation,,Overcoat,424,60,79,105,59,85,36,Bug,,0.0
413,Wormadam Trash Cloak,4,Normal,Bug,Steel,Anticipation,,Overcoat,424,60,69,95,69,95,36,Bug,,0.0
414,Mothim,4,Normal,Bug,Flying,Swarm,,Tinted Lens,424,70,94,50,94,50,66,Bug,,100.0
415,Combee,4,Normal,Bug,Flying,Honey Gather,,Hustle,244,30,30,42,30,42,70,Bug,,87.5
416,Vespiquen,4,Normal,Bug,Flying,Pressure,,Unnerve,474,70,80,102,80,102,40,Bug,,0.0
417,Pachirisu,4,Normal,Electric,,Run Away,Pickup,Volt Absorb,405,60,45,70,45,90,95,Fairy,Field,50.0
418,Buizel,4,Normal,Water,,Swift Swim,,Water Veil,330,55,65,35,60,30,85,Field,Water 1,50.0
419,Floatzel,4,Normal,Water,,Swift Swim,,Water Veil,495,85,105,55,85,50,115,Field,Water 1,50.0
420,Cherubi,4,Normal,Grass,,Chlorophyll,,,275,45,35,45,62,53,35,Fairy,Grass,50.0
421,Cherrim,4,Normal,Grass,,Flower Gift,,,450,70,60,70,87,78,85,Fairy,Grass,50.0
422,Shellos,4,Normal,Water,,Sticky Hold,Storm Drain,Sand Force,325,76,48,48,57,62,34,Amorphous,Water 1,50.0
423,Gastrodon,4,Normal,Water,Ground,Sticky Hold,Storm Drain,Sand Force,475,111,83,68,92,82,39,Amorphous,Water 1,50.0
424,Ambipom,4,Normal,Normal,,Technician,Pickup,Skill Link,482,75,100,66,60,66,115,Field,,50.0
425,Drifloon,4,Normal,Ghost,Flying,Aftermath,Unburden,Flare Boost,348,90,50,34,60,44,70,Amorphous,,50.0
426,Drifblim,4,Normal,Ghost,Flying,Aftermath,Unburden,Flare Boost,498,150,80,44,90,54,80,Amorphous,,50.0
427,Buneary,4,Normal,Normal,,Run Away,Klutz,Limber,350,55,66,44,44,56,85,Field,Human-Like,50.0
428,Lopunny,4,Normal,Normal,,Cute Charm,Klutz,Limber,480,65,76,84,54,96,105,Field,Human-Like,50.0
428,Mega Lopunny,4,Normal,Normal,Fighting,Scrappy,,,580,65,136,94,54,96,135,Field,Human-Like,50.0
429,Mismagius,4,Normal,Ghost,,Levitate,,,495,60,60,60,105,105,105,Amorphous,,50.0
430,Honchkrow,4,Normal,Dark,Flying,Insomnia,Super Luck,Moxie,505,100,125,52,105,52,71,Flying,,50.0
431,Glameow,4,Normal,Normal,,Limber,Own Tempo,Keen Eye,310,49,55,42,42,37,85,Field,,25.0
432,Purugly,4,Normal,Normal,,Thick Fat,Own Tempo,Defiant,452,71,82,64,64,59,112,Field,,25.0
433,Chingling,4,Normal,Psychic,,Levitate,,,285,45,30,50,65,50,45,Undiscovered,,50.0
434,Stunky,4,Normal,Poison,Dark,Stench,Aftermath,Keen Eye,329,63,63,47,41,41,74,Field,,50.0
435,Skuntank,4,Normal,Poison,Dark,Stench,Aftermath,Keen Eye,479,103,93,67,71,61,84,Field,,50.0
436,Bronzor,4,Normal,Steel,Psychic,Levitate,Heatproof,Heavy Metal,300,57,24,86,24,86,23,Mineral,,
437,Bronzong,4,Normal,Steel,Psychic,Levitate,Heatproof,Heavy Metal,500,67,89,116,79,116,33,Mineral,,
438,Bonsly,4,Normal,Rock,,Sturdy,Rock Head,Rattled,290,50,80,95,10,45,10,Undiscovered,,50.0
439,Mime Jr.,4,Normal,Psychic,Fairy,Soundproof,Filter,Technician,310,20,25,45,70,90,60,Undiscovered,,50.0
440,Happiny,4,Normal,Normal,,Natural Cure,Serene Grace,Friend Guard,220,100,5,5,15,65,30,Undiscovered,,0.0
441,Chatot,4,Normal,Normal,Flying,Keen Eye,Tangled Feet,Big Pecks,411,76,65,45,92,42,91,Flying,,50.0
442,Spiritomb,4,Normal,Ghost,Dark,Pressure,,Infiltrator,485,50,92,108,92,108,35,Amorphous,,50.0
443,Gible,4,Normal,Dragon,Ground,Sand Veil,,Rough Skin,300,58,70,45,40,45,42,Dragon,Monster,50.0
444,Gabite,4,Normal,Dragon,Ground,Sand Veil,,Rough Skin,410,68,90,65,50,55,82,Dragon,Monster,50.0
445,Garchomp,4,Normal,Dragon,Ground,Sand Veil,,Rough Skin,600,108,130,95,80,85,102,Dragon,Monster,50.0
445,Mega Garchomp,4,Normal,Dragon,Ground,Sand Force,,,700,108,170,115,120,95,92,Dragon,Monster,50.0
446,Munchlax,4,Normal,Normal,,Pickup,Thick Fat,Gluttony,390,135,85,40,40,85,5,Undiscovered,,87.5
447,Riolu,4,Normal,Fighting,,Steadfast,Inner Focus,Prankster,285,40,70,40,35,40,60,Undiscovered,,87.5
448,Lucario,4,Normal,Fighting,Steel,Steadfast,Inner Focus,Justified,525,70,110,70,115,70,90,Field,Human-Like,87.5
448,Mega Lucario,4,Normal,Fighting,Steel,Adaptability,,,625,70,145,88,140,70,112,Field,Human-Like,87.5
449,Hippopotas,4,Normal,Ground,,Sand Stream,,Sand Force,330,68,72,78,38,42,32,Field,,50.0
450,Hippowdon,4,Normal,Ground,,Sand Stream,,Sand Force,525,108,112,118,68,72,47,Field,,50.0
451,Skorupi,4,Normal,Poison,Bug,Battle Armor,Sniper,Keen Eye,330,40,50,90,30,55,65,Bug,Water 3,50.0
452,Drapion,4,Normal,Poison,Dark,Battle Armor,Sniper,Keen Eye,500,70,90,110,60,75,95,Bug,Water 3,50.0
453,Croagunk,4,Normal,Poison,Fighting,Anticipation,Dry Skin,Poison Touch,300,48,61,40,61,40,50,Human-Like,,50.0
454,Toxicroak,4,Normal,Poison,Fighting,Anticipation,Dry Skin,Poison Touch,490,83,106,65,86,65,85,Human-Like,,50.0
455,Carnivine,4,Normal,Grass,,Levitate,,,454,74,100,72,90,72,46,Grass,,50.0
456,Finneon,4,Normal,Water,,Swift Swim,Storm Drain,Water Veil,330,49,49,56,49,61,66,Water 2,,50.0
457,Lumineon,4,Normal,Water,,Swift Swim,Storm Drain,Water Veil,460,69,69,76,69,86,91,Water 2,,50.0
458,Mantyke,4,Normal,Water,Flying,Swift Swim,Water Absorb,Water Veil,345,45,20,50,60,120,50,Undiscovered,,50.0
459,Snover,4,Normal,Grass,Ice,Snow Warning,,Soundproof,334,60,62,50,62,60,40,Grass,Monster,50.0
460,Abomasnow,4,Normal,Grass,Ice,Snow Warning,,Soundproof,494,90,92,75,92,85,60,Grass,Monster,50.0
460,Mega Abomasnow,4,Normal,Grass,Ice,Snow Warning,,,594,90,132,105,132,105,30,Grass,Monster,50.0
461,Weavile,4,Normal,Dark,Ice,Pressure,,Pickpocket,510,70,120,65,45,85,125,Field,,50.0
462,Magnezone,4,Normal,Electric,Steel,Magnet Pull,Sturdy,Analytic,535,70,70,115,130,90,60,Mineral,,
463,Lickilicky,4,Normal,Normal,,Own Tempo,Oblivious,Cloud Nine,515,110,85,95,80,95,50,Monster,,50.0
464,Rhyperior,4,Normal,Ground,Rock,Lightning Rod,Solid Rock,Reckless,535,115,140,130,55,55,40,Field,Monster,50.0
465,Tangrowth,4,Normal,Grass,,Chlorophyll,Leaf Guard,Regenerator,535,100,100,125,110,50,50,Grass,,50.0
466,Electivire,4,Normal,Electric,,Motor Drive,,Vital Spirit,540,75,123,67,95,85,95,Human-Like,,75.0
467,Magmortar,4,Normal,Fire,,Flame Body,,Vital Spirit,540,75,95,67,125,95,83,Human-Like,,75.0
468,Togekiss,4,Normal,Fairy,Flying,Hustle,Serene Grace,Super Luck,545,85,50,95,120,115,80,Fairy,Flying,87.5
469,Yanmega,4,Normal,Bug,Flying,Speed Boost,Tinted Lens,Frisk,515,86,76,86,116,56,95,Bug,,50.0
470,Leafeon,4,Normal,Grass,,Leaf Guard,,Chlorophyll,525,65,110,130,60,65,95,Field,,87.5
471,Glaceon,4,Normal,Ice,,Snow Cloak,,Ice Body,525,65,60,110,130,95,65,Field,,87.5
472,Gliscor,4,Normal,Ground,Flying,Hyper Cutter,Sand Veil,Poison Heal,510,75,95,125,45,75,95,Bug,,50.0
473,Mamoswine,4,Normal,Ice,Ground,Oblivious,Snow Cloak,Thick Fat,530,110,130,80,70,60,80,Field,,50.0
474,Porygon-Z,4,Normal,Normal,,Adaptability,Download,Analytic,535,85,80,70,135,75,90,Mineral,,
475,Gallade,4,Normal,Psychic,Fighting,Steadfast,,Justified,518,68,125,65,65,115,80,Amorphous,Human-Like,100.0
475,Mega Gallade,4,Normal,Psychic,Fighting,Inner Focus,,,618,68,165,95,65,115,110,Amorphous,,100.0
476,Probopass,4,Normal,Rock,Steel,Sturdy,Magnet Pull,Sand Force,525,60,55,145,75,150,40,Mineral,,50.0
477,Dusknoir,4,Normal,Ghost,,Pressure,,Frisk,525,45,100,135,65,135,45,Amorphous,,50.0
478,Froslass,4,Normal,Ice,Ghost,Snow Cloak,,Cursed Body,480,70,80,70,80,70,110,Fairy,Mineral,0.0
479,Rotom,4,Normal,Electric,Ghost,Levitate,,,440,50,50,77,95,77,91,Amorphous,,
479,Heat Rotom,4,Normal,Electric,Fire,Levitate,,,520,50,65,107,105,107,86,Amorphous,,
479,Wash Rotom,4,Normal,Electric,Water,Levitate,,,520,50,65,107,105,107,86,Amorphous,,
479,Frost Rotom,4,Normal,Electric,Ice,Levitate,,,520,50,65,107,105,107,86,Amorphous,,
479,Fan Rotom,4,Normal,Electric,Flying,Levitate,,,520,50,65,107,105,107,86,Amorphous,,
479,Mow Rotom,4,Normal,Electric,Grass,Levitate,,,520,50,65,107,105,107,86,Amorphous,,
495,Snivy,5,Normal,Grass,,Overgrow,,Contrary,308,45,45,55,45,55,63,Field,Grass,87.5
496,Servine,5,Normal,Grass,,Overgrow,,Contrary,413,60,60,75,60,75,83,Field,Grass,87.5
497,Serperior,5,Normal,Grass,,Overgrow,,Contrary,528,75,75,95,75,95,113,Field,Grass,87.5
498,Tepig,5,Normal,Fire,,Blaze,,Thick Fat,308,65,63,45,45,45,45,Field,,87.5
499,Pignite,5,Normal,Fire,Fighting,Blaze,,Thick Fat,418,90,93,55,70,55,55,Field,,87.5
500,Emboar,5,Normal,Fire,Fighting,Blaze,,Reckless,528,110,123,65,100,65,65,Field,,87.5
501,Oshawott,5,Normal,Water,,Torrent,,Shell Armor,308,55,55,45,63,45,45,Field,,87.5
502,Dewott,5,Normal,Water,,Torrent,,Shell Armor,413,75,75,60,83,60,60,Field,,87.5
503,Samurott,5,Normal,Water,,Torrent,,Shell Armor,528,95,100,85,108,70,70,Field,,87.5
504,Patrat,5,Normal,Normal,,Run Away,Keen Eye,Analytic,255,45,55,39,35,39,42,Field,,50.0
505,Watchog,5,Normal,Normal,,Illuminate,Keen Eye,Analytic,420,60,85,69,60,69,77,Field,,50.0
506,Lillipup,5,Normal,Normal,,Vital Spirit,Pickup,Run Away,275,45,60,45,25,45,55,Field,,50.0
507,Herdier,5,Normal,Normal,,Intimidate,Sand Rush,Scrappy,370,65,80,65,35,65,60,Field,,50.0
508,Stoutland,5,Normal,Normal,,Intimidate,Sand Rush,Scrappy,500,85,110,90,45,90,80,Field,,50.0
509,Purrloin,5,Normal,Dark,,Limber,Unburden,Prankster,281,41,50,37,50,37,66,Field,,50.0
510,Liepard,5,Normal,Dark,,Limber,Unburden,Prankster,446,64,88,50,88,50,106,Field,,50.0
511,Pansage,5,Normal,Grass,,Gluttony,,Overgrow,316,50,53,48,53,48,64,Field,,87.5
512,Simisage,5,Normal,Grass,,Gluttony,,Overgrow,498,75,98,63,98,63,101,Field,,87.5
513,Pansear,5,Normal,Fire,,Gluttony,,Blaze,316,50,53,48,53,48,64,Field,,87.5
514,Simisear,5,Normal,Fire,,Gluttony,,Blaze,498,75,98,63,98,63,101,Field,,87.5
515,Panpour,5,Normal,Water,,Gluttony,,Torrent,316,50,53,48,53,48,64,Field,,87.5
516,Simipour,5,Normal,Water,,Gluttony,,Torrent,498,75,98,63,98,63,101,Field,,87.5
517,Munna,5,Normal,Psychic,,Forewarn,Synchronize,Telepathy,292,76,25,45,67,55,24,Field,,50.0
518,Musharna,5,Normal,Psychic,,Forewarn,Synchronize,Telepathy,487,116,55,85,107,95,29,Field,,50.0
519,Pidove,5,Normal,Normal,Flying,Big Pecks,Super Luck,Rivalry,264,50,55,50,36,30,43,Flying,,50.0
520,Tranquill,5,Normal,Normal,Flying,Big Pecks,Super Luck,Rivalry,358,62,77,62,50,42,65,Flying,,50.0
521,Unfezant,5,Normal,Normal,Flying,Big Pecks,Super Luck,Rivalry,488,80,115,80,65,55,93,Flying,,50.0
522,Blitzle,5,Normal,Electric,,Lightning Rod,Motor Drive,Sap Sipper,295,45,60,32,50,32,76,Field,,50.0
523,Zebstrika,5,Normal,Electric,,Lightning Rod,Motor Drive,Sap Sipper,497,75,100,63,80,63,116,Field,,50.0
524,Roggenrola,5,Normal,Rock,,Sturdy,Weak Armor,Sand Force,280,55,75,85,25,25,15,Mineral,,50.0
525,Boldore,5,Normal,Rock,,Sturdy,Weak Armor,Sand Force,390,70,105,105,50,40,20,Mineral,,50.0
526,Gigalith,5,Normal,Rock,,Sturdy,Sand Stream,Sand Force,515,85,135,130,60,80,25,Mineral,,50.0
527,Woobat,5,Normal,Psychic,Flying,Unaware,Klutz,Simple,323,65,45,43,55,43,72,Field,Flying,50.0
528,Swoobat,5,Normal,Psychic,Flying,Unaware,Klutz,Simple,425,67,57,55,77,55,114,Field,Flying,50.0
529,Drilbur,5,Normal,Ground,,Sand Rush,Sand Force,Mold Breaker,328,60,85,40,30,45,68,Field,,50.0
530,Excadrill,5,Normal,Ground,Steel,Sand Rush,Sand Force,Mold Breaker,508,110,135,60,50,65,88,Field,,50.0
531,Audino,5,Normal,Normal,,Healer,Regenerator,Klutz,445,103,60,86,60,86,50,Fairy,,50.0
531,Mega Audino,5,Normal,Normal,Fairy,Healer,,,545,103,60,126,80,126,50,Fairy,,50.0
532,Timburr,5,Normal,Fighting,,Guts,Sheer Force,Iron Fist,305,75,80,55,25,35,35,Human-Like,,75.0
533,Gurdurr,5,Normal,Fighting,,Guts,Sheer Force,Iron Fist,405,85,105,85,40,50,40,Human-Like,,75.0
534,Conkeldurr,5,Normal,Fighting,,Guts,Sheer Force,Iron Fist,505,105,140,95,55,65,45,Human-Like,,75.0
535,Tympole,5,Normal,Water,,Swift Swim,Hydration,Water Absorb,294,50,50,40,50,40,64,Water 1,,50.0
536,Palpitoad,5,Normal,Water,Ground,Swift Swim,Hydration,Water Absorb,384,75,65,55,65,55,69,Water 1,,50.0
537,Seismitoad,5,Normal,Water,Ground,Swift Swim,Poison Touch,Water Absorb,509,105,95,75,85,75,74,Water 1,,50.0
538,Throh,5,Normal,Fighting,,Guts,Inner Focus,Mold Breaker,465,120,100,85,30,85,45,Human-Like,,100.0
539,Sawk,5,Normal,Fighting,,Sturdy,Inner Focus,Mold Breaker,465,75,125,75,30,75,85,Human-Like,,100.0
540,Sewaddle,5,Normal,Bug,Grass,Swarm,Chlorophyll,Overcoat,310,45,53,70,40,60,42,Bug,,50.0
541,Swadloon,5,Normal,Bug,Grass,Leaf Guard,Chlorophyll,Overcoat,380,55,63,90,50,80,42,Bug,,50.0
542,Leavanny,5,Normal,Bug,Grass,Swarm,Chlorophyll,Overcoat,500,75,103,80,70,80,92,Bug,,50.0
543,Venipede,5,Normal,Bug,Poison,Poison Point,Swarm,Speed Boost,260,30,45,59,30,39,57,Bug,,50.0
544,Whirlipede,5,Normal,Bug,Poison,Poison Point,Swarm,Speed Boost,360,40,55,99,40,79,47,Bug,,50.0
545,Scolipede,5,Normal,Bug,Poison,Poison Point,Swarm,Speed Boost,485,60,100,89,55,69,112,Bug,,50.0
546,Cottonee,5,Normal,Grass,Fairy,Prankster,Infiltrator,Chlorophyll,280,40,27,60,37,50,66,Fairy,Grass,50.0
547,Whimsicott,5,Normal,Grass,Fairy,Prankster,Infiltrator,Chlorophyll,480,60,67,85,77,75,116,Fairy,Grass,50.0
548,Petilil,5,Normal,Grass,,Chlorophyll,Own Tempo,Leaf Guard,280,45,35,50,70,50,30,Grass,,0.0
549,Lilligant,5,Normal,Grass,,Chlorophyll,Own Tempo,Leaf Guard,480,70,60,75,110,75,90,Grass,,0.0
550,Basculin Red-Striped Form,5,Normal,Water,,Reckless,Adaptability,Mold Breaker,460,70,92,65,80,55,98,Water 2,,50.0
550,Basculin Blue-Striped Form,5,Normal,Water,,Rock Head,Adaptability,Mold Breaker,460,70,92,65,80,55,98,Water 2,,50.0
551,Sandile,5,Normal,Ground,Dark,Intimidate,Moxie,Anger Point,292,50,72,35,35,35,65,Field,,50.0
552,Krokorok,5,Normal,Ground,Dark,Intimidate,Moxie,Anger Point,351,60,82,45,45,45,74,Field,,50.0
553,Krookodile,5,Normal,Ground,Dark,Intimidate,Moxie,Anger Point,519,95,117,80,65,70,92,Field,,50.0
554,Darumaka,5,Normal,Fire,,Hustle,,Inner Focus,315,70,90,45,15,45,50,Field,,50.0
554,Galarian Darumaka,5,Normal,Ice,,Hustle,,Inner Focus,315,70,90,45,15,45,50,Field,,
555,Darmanitan Standard Mode,5,Normal,Fire,,Sheer Force,,Zen Mode,480,105,140,55,30,55,95,Field,,50.0
555,Darmanitan Zen Mode,5,Normal,Fire,Psychic,Sheer Force,,Zen Mode,540,105,30,105,140,105,55,Field,,50.0
555,Galarian Darmanitan Standard Mode,5,Normal,Ice,,Gorilla Tactics,,Zen Mode,480,105,140,55,30,55,95,Field,,
555,Galarian Darmanitan Zen Mode,5,Normal,Ice,Fire,Gorilla Tactics,,Zen Mode,540,105,160,55,30,55,135,,,
556,Maractus,5,Normal,Grass,,Water Absorb,Chlorophyll,Storm Drain,461,75,86,67,106,67,60,Grass,,50.0
557,Dwebble,5,Normal,Bug,Rock,Sturdy,Shell Armor,Weak Armor,325,50,65,85,35,35,55,Bug,Mineral,50.0
558,Crustle,5,Normal,Bug,Rock,Sturdy,Shell Armor,Weak Armor,485,70,105,125,65,75,45,Bug,Mineral,50.0
559,Scraggy,5,Normal,Dark,Fighting,Shed Skin,Moxie,Intimidate,348,50,75,70,35,70,48,Dragon,Field,50.0
560,Scrafty,5,Normal,Dark,Fighting,Shed Skin,Moxie,Intimidate,488,65,90,115,45,115,58,Dragon,Field,50.0
561,Sigilyph,5,Normal,Psychic,Flying,Wonder Skin,Magic Guard,Tinted Lens,490,72,58,80,103,80,97,Flying,,50.0
562,Yamask,5,Normal,Ghost,,Mummy,,,303,38,30,85,55,65,30,Amorphous,Mineral,50.0
562,Galarian Yamask,5,Normal,Ground,Ghost,Wandering Spirit,,,303,38,55,85,30,65,30,Amorphous,Mineral,
563,Cofagrigus,5,Normal,Ghost,,Mummy,,,483,58,50,145,95,105,30,Amorphous,Mineral,50.0
564,Tirtouga,5,Normal,Water,Rock,Solid Rock,Sturdy,Swift Swim,355,54,78,103,53,45,22,Water 1,Water 3,87.5
565,Carracosta,5,Normal,Water,Rock,Solid Rock,Sturdy,Swift Swim,495,74,108,133,83,65,32,Water 1,Water 3,87.5
566,Archen,5,Normal,Rock,Flying,Defeatist,,,401,55,112,45,74,45,70,Flying,Water 3,87.5
567,Archeops,5,Normal,Rock,Flying,Defeatist,,,567,75,140,65,112,65,110,Flying,Water 3,87.5
568,Trubbish,5,Normal,Poison,,Stench,Sticky Hold,Aftermath,329,50,50,62,40,62,65,Mineral,,50.0
569,Garbodor,5,Normal,Poison,,Stench,Weak Armor,Aftermath,474,80,95,82,60,82,75,Mineral,,50.0
570,Zorua,5,Normal,Dark,,Illusion,,,330,40,65,40,80,40,65,Field,,87.5
571,Zoroark,5,Normal,Dark,,Illusion,,,510,60,105,60,120,60,105,Field,,87.5
572,Minccino,5,Normal,Normal,,Cute Charm,Technician,Skill Link,300,55,50,40,40,40,75,Field,,25.0
573,Cinccino,5,Normal,Normal,,Cute Charm,Technician,Skill Link,470,75,95,60,65,60,115,Field,,25.0
574,Gothita,5,Normal,Psychic,,Frisk,Competitive,Shadow Tag,290,45,30,50,55,65,45,Human-Like,,25.0
575,Gothorita,5,Normal,Psychic,,Frisk,Competitive,Shadow Tag,390,60,45,70,75,85,55,Human-Like,,25.0
576,Gothitelle,5,Normal,Psychic,,Frisk,Competitive,Shadow Tag,490,70,55,95,95,110,65,Human-Like,,25.0
577,Solosis,5,Normal,Psychic,,Overcoat,Magic Guard,Regenerator,290,45,30,40,105,50,20,Amorphous,,50.0
578,Duosion,5,Normal,Psychic,,Overcoat,Magic Guard,Regenerator,370,65,40,50,125,60,30,Amorphous,,50.0
579,Reuniclus,5,Normal,Psychic,,Overcoat,Magic Guard,Regenerator,490,110,65,75,125,85,30,Amorphous,,50.0
580,Ducklett,5,Normal,Water,Flying,Keen Eye,Big Pecks,Hydration,305,62,44,50,44,50,55,Flying,Water 1,50.0
581,Swanna,5,Normal,Water,Flying,Keen Eye,Big Pecks,Hydration,473,75,87,63,87,63,98,Flying,Water 1,50.0
582,Vanillite,5,Normal,Ice,,Ice Body,Snow Cloak,Weak Armor,305,36,50,50,65,60,44,Mineral,,50.0
583,Vanillish,5,Normal,Ice,,Ice Body,Snow Cloak,Weak Armor,395,51,65,65,80,75,59,Mineral,,50.0
584,Vanilluxe,5,Normal,Ice,,Ice Body,Snow Warning,Weak Armor,535,71,95,85,110,95,79,Mineral,,50.0
585,Deerling,5,Normal,Normal,Grass,Chlorophyll,Sap Sipper,Serene Grace,335,60,60,50,40,50,75,Field,,50.0
586,Sawsbuck,5,Normal,Normal,Grass,Chlorophyll,Sap Sipper,Serene Grace,475,80,100,70,60,70,95,Field,,50.0
587,Emolga,5,Normal,Electric,Flying,Static,,Motor Drive,428,55,75,60,75,60,103,Field,,50.0
588,Karrablast,5,Normal,Bug,,Swarm,Shed Skin,No Guard,315,50,75,45,40,45,60,Bug,,50.0
589,Escavalier,5,Normal,Bug,Steel,Swarm,Shell Armor,Overcoat,495,70,135,105,60,105,20,Bug,,50.0
590,Foongus,5,Normal,Grass,Poison,Effect Spore,,Regenerator,294,69,55,45,55,55,15,Grass,,50.0
591,Amoonguss,5,Normal,Grass,Poison,Effect Spore,,Regenerator,464,114,85,70,85,80,30,Grass,,50.0
592,Frillish,5,Normal,Water,Ghost,Water Absorb,Cursed Body,Damp,335,55,40,50,65,85,40,Amorphous,,50.0
593,Jellicent,5,Normal,Water,Ghost,Water Absorb,Cursed Body,Damp,480,100,60,70,85,105,60,Amorphous,,50.0
594,Alomomola,5,Normal,Water,,Healer,Hydration,Regenerator,470,165,75,80,40,45,65,Water 1,Water 2,50.0
595,Joltik,5,Normal,Bug,Electric,Compound Eyes,Unnerve,Swarm,319,50,47,50,57,50,65,Bug,,50.0
596,Galvantula,5,Normal,Bug,Electric,Compound Eyes,Unnerve,Swarm,472,70,77,60,97,60,108,Bug,,50.0
597,Ferroseed,5,Normal,Grass,Steel,Iron Barbs,,Anticipation,305,44,50,91,24,86,10,Grass,Mineral,50.0
598,Ferrothorn,5,Normal,Grass,Steel,Iron Barbs,,Anticipation,489,74,94,131,54,116,20,Grass,Mineral,50.0
599,Klink,5,Normal,Steel,,Plus,Minus,Clear Body,300,40,55,70,45,60,30,Mineral,,
600,Klang,5,Normal,Steel,,Plus,Minus,Clear Body,440,60,80,95,70,85,50,Mineral,,
601,Klinklang,5,Normal,Steel,,Plus,Minus,Clear Body,520,60,100,115,70,85,90,Mineral,,
602,Tynamo,5,Normal,Electric,,Levitate,,,275,35,55,40,45,40,60,Amorphous,,50.0
603,Eelektrik,5,Normal,Electric,,Levitate,,,405,65,85,70,75,70,40,Amorphous,,50.0
604,Eelektross,5,Normal,Electric,,Levitate,,,515,85,115,80,105,80,50,Amorphous,,50.0
605,Elgyem,5,Normal,Psychic,,Telepathy,Synchronize,Analytic,335,55,55,55,85,55,30,Human-Like,,50.0
606,Beheeyem,5,Normal,Psychic,,Telepathy,Synchronize,Analytic,485,75,75,75,125,95,40,Human-Like,,50.0
607,Litwick,5,Normal,Ghost,Fire,Flash Fire,Flame Body,Infiltrator,275,50,30,55,65,55,20,Amorphous,,50.0
608,Lampent,5,Normal,Ghost,Fire,Flash Fire,Flame Body,Infiltrator,370,60,40,60,95,60,55,Amorphous,,50.0
609,Chandelure,5,Normal,Ghost,Fire,Flash Fire,Flame Body,Infiltrator,520,60,55,90,145,90,80,Amorphous,,50.0
610,Axew,5,Normal,Dragon,,Rivalry,Mold Breaker,Unnerve,320,46,87,60,30,40,57,Dragon,Monster,50.0
611,Fraxure,5,Normal,Dragon,,Rivalry,Mold Breaker,Unnerve,410,66,117,70,40,50,67,Dragon,Monster,50.0
612,Haxorus,5,Normal,Dragon,,Rivalry,Mold Breaker,Unnerve,540,76,147,90,60,70,97,Dragon,Monster,50.0
613,Cubchoo,5,Normal,Ice,,Snow Cloak,Slush Rush,Rattled,305,55,70,40,60,40,40,Field,,50.0
614,Beartic,5,Normal,Ice,,Snow Cloak,Slush Rush,Swift Swim,505,95,130,80,70,80,50,Field,,50.0
615,Cryogonal,5,Normal,Ice,,Levitate,,,515,80,50,50,95,135,105,Mineral,,
616,Shelmet,5,Normal,Bug,,Hydration,Shell Armor,Overcoat,305,50,40,85,40,65,25,Bug,,50.0
617,Accelgor,5,Normal,Bug,,Hydration,Sticky Hold,Unburden,495,80,70,40,100,60,145,Bug,,50.0
618,Stunfisk,5,Normal,Ground,Electric,Static,Limber,Sand Veil,471,109,66,84,81,99,32,Amorphous,Water 1,50.0
618,Galarian Stunfisk,5,Normal,Ground,Steel,Mimicry,,,471,109,81,99,66,84,32,Amorphous,Water 1,
619,Mienfoo,5,Normal,Fighting,,Inner Focus,Regenerator,Reckless,350,45,85,50,55,50,65,Field,Human-Like,50.0
620,Mienshao,5,Normal,Fighting,,Inner Focus,Regenerator,Reckless,510,65,125,60,95,60,105,Field,Human-Like,50.0
621,Druddigon,5,Normal,Dragon,,Rough Skin,Sheer Force,Mold Breaker,485,77,120,90,60,90,48,Dragon,Monster,50.0
622,Golett,5,Normal,Ground,Ghost,Iron Fist,Klutz,No Guard,303,59,74,50,35,50,35,Mineral,,
623,Golurk,5,Normal,Ground,Ghost,Iron Fist,Klutz,No Guard,483,89,124,80,55,80,55,Mineral,,
624,Pawniard,5,Normal,Dark,Steel,Defiant,Inner Focus,Pressure,340,45,85,70,40,40,60,Human-Like,,50.0
625,Bisharp,5,Normal,Dark,Steel,Defiant,Inner Focus,Pressure,490,65,125,100,60,70,70,Human-Like,,50.0
626,Bouffalant,5,Normal,Normal,,Reckless,Sap Sipper,Soundproof,490,95,110,95,40,95,55,Field,,50.0
627,Rufflet,5,Normal,Normal,Flying,Keen Eye,Sheer Force,Hustle,350,70,83,50,37,50,60,Flying,,100.0
628,Braviary,5,Normal,Normal,Flying,Keen Eye,Sheer Force,Defiant,510,100,123,75,57,75,80,Flying,,100.0
629,Vullaby,5,Normal,Dark,Flying,Big Pecks,Overcoat,Weak Armor,370,70,55,75,45,65,60,Flying,,0.0
630,Mandibuzz,5,Normal,Dark,Flying,Big Pecks,Overcoat,Weak Armor,510,110,65,105,55,95,80,Flying,,0.0
631,Heatmor,5,Normal,Fire,,Gluttony,Flash Fire,White Smoke,484,85,97,66,105,66,65,Field,,50.0
632,Durant,5,Normal,Bug,Steel,Swarm,Hustle,Truant,484,58,109,112,48,48,109,Bug,,50.0
633,Deino,5,Normal,Dark,Dragon,Hustle,,,300,52,65,50,45,50,38,Dragon,,50.0
634,Zweilous,5,Normal,Dark,Dragon,Hustle,,,420,72,85,70,65,70,58,Dragon,,50.0
635,Hydreigon,5,Normal,Dark,Dragon,Levitate,,,600,92,105,90,125,90,98,Dragon,,50.0
636,Larvesta,5,Normal,Bug,Fire,Flame Body,,Swarm,360,55,85,55,50,55,60,Bug,,50.0
637,Volcarona,5,Normal,Bug,Fire,Flame Body,,Swarm,550,85,60,65,135,105,100,Bug,,50.0
